url_profile,username
https://www.tripadvisor.fr/Profile/EileanE,EileanE
https://www.tripadvisor.fr/Profile/Davidove,Davidove
https://www.tripadvisor.fr/Profile/boule7,boule7
https://www.tripadvisor.fr/Profile/BibicheTI,BibicheTI
https://www.tripadvisor.fr/Profile/gabiz55,gabiz55
https://www.tripadvisor.fr/Profile/JEANQUIRIT,JEANQUIRIT
https://www.tripadvisor.fr/Profile/928armandg,928armandg
https://www.tripadvisor.fr/Profile/cedricbtesh,cedricbtesh
https://www.tripadvisor.fr/Profile/cecile-gilles,cecile-gilles
https://www.tripadvisor.fr/Profile/Sweeky,Sweeky
https://www.tripadvisor.fr/Profile/Maureen78000,Maureen78000
https://www.tripadvisor.fr/Profile/Elodaye27,Elodaye27
https://www.tripadvisor.fr/Profile/PJ738,PJ738
https://www.tripadvisor.fr/Profile/lauraboisquillon,lauraboisquillon
https://www.tripadvisor.fr/Profile/MargotC2003,MargotC2003
https://www.tripadvisor.fr/Profile/cedricdF5190TC,cedricdF5190TC
https://www.tripadvisor.fr/Profile/66maryseb,66maryseb
https://www.tripadvisor.fr/Profile/rebsunshine,rebsunshine
https://www.tripadvisor.fr/Profile/PhilippeVenet,PhilippeVenet
https://www.tripadvisor.fr/Profile/561cj,561cj
https://www.tripadvisor.fr/Profile/586elised,586elised
https://www.tripadvisor.fr/Profile/597alainf,597alainf
https://www.tripadvisor.fr/Profile/valerief723,valerief723
https://www.tripadvisor.fr/Profile/MiniChoups,MiniChoups
https://www.tripadvisor.fr/Profile/Z4234SKnadined,Z4234SKnadined
https://www.tripadvisor.fr/Profile/745samuell,745samuell
https://www.tripadvisor.fr/Profile/260julienm,260julienm
https://www.tripadvisor.fr/Profile/christophepG3641EO,christophepG3641EO
https://www.tripadvisor.fr/Profile/sophiem818,sophiem818
https://www.tripadvisor.fr/Profile/corinnej40,corinnej40
https://www.tripadvisor.fr/Profile/chachabat,chachabat
https://www.tripadvisor.fr/Profile/valoo2013,valoo2013
https://www.tripadvisor.fr/Profile/JessicaTheol,JessicaTheol
https://www.tripadvisor.fr/Profile/ChrisCCM76,ChrisCCM76
https://www.tripadvisor.fr/Profile/ChristRob,ChristRob
https://www.tripadvisor.fr/Profile/patriclmar,patriclmar
https://www.tripadvisor.fr/Profile/Yasminjoshi,Yasminjoshi
https://www.tripadvisor.fr/Profile/MelisetGranval,MelisetGranval
https://www.tripadvisor.fr/Profile/CaroleF1122,CaroleF1122
https://www.tripadvisor.fr/Profile/sdb78000,sdb78000
https://www.tripadvisor.fr/Profile/podocarpus35,podocarpus35
https://www.tripadvisor.fr/Profile/minoal,minoal
https://www.tripadvisor.fr/Profile/corinet723,corinet723
https://www.tripadvisor.fr/Profile/364emiliel,364emiliel
https://www.tripadvisor.fr/Profile/864jeanluc,864jeanluc
https://www.tripadvisor.fr/Profile/Babichette,Babichette
https://www.tripadvisor.fr/Profile/983danielle_b,983danielle_b
https://www.tripadvisor.fr/Profile/DUBOISLUDOVIC,DUBOISLUDOVIC
https://www.tripadvisor.fr/Profile/YannDannely,YannDannely
https://www.tripadvisor.fr/Profile/SebA586,SebA586
https://www.tripadvisor.fr/Profile/Chriis757,Chriis757
https://www.tripadvisor.fr/Profile/dalelc2018,dalelc2018
https://www.tripadvisor.fr/Profile/J3681ULolivierb,J3681ULolivierb
https://www.tripadvisor.fr/Profile/180demayj,180demayj
https://www.tripadvisor.fr/Profile/cybou,cybou
https://www.tripadvisor.fr/Profile/Jerome625,Jerome625
https://www.tripadvisor.fr/Profile/270mariannem,270mariannem
https://www.tripadvisor.fr/Profile/Plisch,Plisch
https://www.tripadvisor.fr/Profile/Shayouuuuuudiii,Shayouuuuuudiii
https://www.tripadvisor.fr/Profile/david_fefe_77,david_fefe_77
https://www.tripadvisor.fr/Profile/cyrilc534,cyrilc534
https://www.tripadvisor.fr/Profile/588mehdik,588mehdik
https://www.tripadvisor.fr/Profile/dlwin,dlwin
https://www.tripadvisor.fr/Profile/J7077QPphilippel,J7077QPphilippel
https://www.tripadvisor.fr/Profile/CathLecoeur,CathLecoeur
https://www.tripadvisor.fr/Profile/tiph92,tiph92
https://www.tripadvisor.fr/Profile/VOYAGE94300,VOYAGE94300
https://www.tripadvisor.fr/Profile/fontaineriou,fontaineriou
https://www.tripadvisor.fr/Profile/AdrienM926,AdrienM926
https://www.tripadvisor.fr/Profile/798murielc,798murielc
https://www.tripadvisor.fr/Profile/isabelletakoui,isabelletakoui
https://www.tripadvisor.fr/Profile/delphineg149,delphineg149
https://www.tripadvisor.fr/Profile/Michel_Vae,Michel_Vae
https://www.tripadvisor.fr/Profile/Timie22,Timie22
https://www.tripadvisor.fr/Profile/ngenay,ngenay
https://www.tripadvisor.fr/Profile/Aaron-Rabi,Aaron-Rabi
https://www.tripadvisor.fr/Profile/nicolette76400,nicolette76400
https://www.tripadvisor.fr/Profile/superfreddu95,superfreddu95
https://www.tripadvisor.fr/Profile/393dominiques,393dominiques
https://www.tripadvisor.fr/Profile/Monsimpleavis,Monsimpleavis
https://www.tripadvisor.fr/Profile/KarineB1513,KarineB1513
https://www.tripadvisor.fr/Profile/223ericd,223ericd
https://www.tripadvisor.fr/Profile/217brigittem,217brigittem
https://www.tripadvisor.fr/Profile/renaudm134,renaudm134
https://www.tripadvisor.fr/Profile/jenniferpO4287YE,jenniferpO4287YE
https://www.tripadvisor.fr/Profile/elodaniel,elodaniel
https://www.tripadvisor.fr/Profile/amadeus75,amadeus75
https://www.tripadvisor.fr/Profile/GerardP_11,GerardP_11
https://www.tripadvisor.fr/Profile/scottie49,scottie49
https://www.tripadvisor.fr/Profile/agathegd,agathegd
https://www.tripadvisor.fr/Profile/lorenzo0008,lorenzo0008
https://www.tripadvisor.fr/Profile/Tachamuche,Tachamuche
https://www.tripadvisor.fr/Profile/juliette4561,juliette4561
https://www.tripadvisor.fr/Profile/vvenon,vvenon
https://www.tripadvisor.fr/Profile/nathaliedianem,nathaliedianem
https://www.tripadvisor.fr/Profile/tny77,tny77
https://www.tripadvisor.fr/Profile/vegafi,vegafi
https://www.tripadvisor.fr/Profile/Joyeux-lurons,Joyeux-lurons
https://www.tripadvisor.fr/Profile/ChristelleW39,ChristelleW39
https://www.tripadvisor.fr/Profile/laurentc605,laurentc605
https://www.tripadvisor.fr/Profile/Jujade1180,Jujade1180
https://www.tripadvisor.fr/Profile/lineL66,lineL66
https://www.tripadvisor.fr/Profile/xstbonnet,xstbonnet
https://www.tripadvisor.fr/Profile/shanones2020,shanones2020
https://www.tripadvisor.fr/Profile/909christellen,909christellen
https://www.tripadvisor.fr/Profile/Dbo2b,Dbo2b
https://www.tripadvisor.fr/Profile/peluchetigrou,peluchetigrou
https://www.tripadvisor.fr/Profile/Z-Vincent,Z-Vincent
https://www.tripadvisor.fr/Profile/Mouche77,Mouche77
https://www.tripadvisor.fr/Profile/voyageur_tout_terrai,voyageur_tout_terrai
https://www.tripadvisor.fr/Profile/Do7dB5,Do7dB5
https://www.tripadvisor.fr/Profile/arnaudserie,arnaudserie
https://www.tripadvisor.fr/Profile/942murielc,942murielc
https://www.tripadvisor.fr/Profile/steve118,steve118
https://www.tripadvisor.fr/Profile/SAMUELFEVRIERFLORENC,SAMUELFEVRIERFLORENC
https://www.tripadvisor.fr/Profile/492rolandb,492rolandb
https://www.tripadvisor.fr/Profile/AnaelleChtn,AnaelleChtn
https://www.tripadvisor.fr/Profile/cohiba64,cohiba64
https://www.tripadvisor.fr/Profile/Departure724038,Departure724038
https://www.tripadvisor.fr/Profile/charlotteee_h,charlotteee_h
https://www.tripadvisor.fr/Profile/didine24062014,didine24062014
https://www.tripadvisor.fr/Profile/Orseis,Orseis
https://www.tripadvisor.fr/Profile/85lindam,85lindam
https://www.tripadvisor.fr/Profile/helloyoutoo,helloyoutoo
https://www.tripadvisor.fr/Profile/H8753DTdavidh,H8753DTdavidh
https://www.tripadvisor.fr/Profile/thierryr214,thierryr214
https://www.tripadvisor.fr/Profile/Tregastel2,Tregastel2
https://www.tripadvisor.fr/Profile/Patrickman,Patrickman
https://www.tripadvisor.fr/Profile/albateo,albateo
https://www.tripadvisor.fr/Profile/maggalq,maggalq
https://www.tripadvisor.fr/Profile/mcmurrayGuy,mcmurrayGuy
https://www.tripadvisor.fr/Profile/LOVEPARIS1,LOVEPARIS1
https://www.tripadvisor.fr/Profile/jeanfran_oisd358,jeanfran_oisd358
https://www.tripadvisor.fr/Profile/Sevls14,Sevls14
https://www.tripadvisor.fr/Profile/andrenaalden,andrenaalden
https://www.tripadvisor.fr/Profile/Cacococotte,Cacococotte
https://www.tripadvisor.fr/Profile/859fannyt,859fannyt
https://www.tripadvisor.fr/Profile/Mimi76045,Mimi76045
https://www.tripadvisor.fr/Profile/311franckg,311franckg
https://www.tripadvisor.fr/Profile/pinhop2019,pinhop2019
https://www.tripadvisor.fr/Profile/roseblanche,roseblanche
https://www.tripadvisor.fr/Profile/lindae138,lindae138
https://www.tripadvisor.fr/Profile/DevauchelR,DevauchelR
https://www.tripadvisor.fr/Profile/micheln995,micheln995
https://www.tripadvisor.fr/Profile/ManonVM_03,ManonVM_03
https://www.tripadvisor.fr/Profile/VincenzoAndreaL,VincenzoAndreaL
https://www.tripadvisor.fr/Profile/chaclem75,chaclem75
https://www.tripadvisor.fr/Profile/pasky68000,pasky68000
https://www.tripadvisor.fr/Profile/ElodieR_23,ElodieR_23
https://www.tripadvisor.fr/Profile/shahinn406,shahinn406
https://www.tripadvisor.fr/Profile/Remton,Remton
https://www.tripadvisor.fr/Profile/clo75017,clo75017
https://www.tripadvisor.fr/Profile/laure1laure,laure1laure
https://www.tripadvisor.fr/Profile/Muflette,Muflette
https://www.tripadvisor.fr/Profile/Thierry2,Thierry2
https://www.tripadvisor.fr/Profile/Lilivander2,Lilivander2
https://www.tripadvisor.fr/Profile/LukeS57,LukeS57
https://www.tripadvisor.fr/Profile/piafoune,piafoune
https://www.tripadvisor.fr/Profile/2016aout,2016aout
https://www.tripadvisor.fr/Profile/floriand972,floriand972
https://www.tripadvisor.fr/Profile/damiend299,damiend299
https://www.tripadvisor.fr/Profile/Gerardtrovot,Gerardtrovot
https://www.tripadvisor.fr/Profile/Nounouille123,Nounouille123
https://www.tripadvisor.fr/Profile/_SophieMaurituis,_SophieMaurituis
https://www.tripadvisor.fr/Profile/arnalexdeauville,arnalexdeauville
https://www.tripadvisor.fr/Profile/olivierv862,olivierv862
https://www.tripadvisor.fr/Profile/xavierdesforges,xavierdesforges
https://www.tripadvisor.fr/Profile/443justined,443justined
https://www.tripadvisor.fr/Profile/bibiche_12,bibiche_12
https://www.tripadvisor.fr/Profile/dhauteville,dhauteville
https://www.tripadvisor.fr/Profile/697christophea,697christophea
https://www.tripadvisor.fr/Profile/Maryposa27,Maryposa27
https://www.tripadvisor.fr/Profile/242alexandref,242alexandref
https://www.tripadvisor.fr/Profile/esman69,esman69
https://www.tripadvisor.fr/Profile/Marl_ne_L160,Marl_ne_L160
https://www.tripadvisor.fr/Profile/280fredr,280fredr
https://www.tripadvisor.fr/Profile/992amen,992amen
https://www.tripadvisor.fr/Profile/sandrinegerin69,sandrinegerin69
https://www.tripadvisor.fr/Profile/443herv_g,443herv_g
https://www.tripadvisor.fr/Profile/thedeclo,thedeclo
https://www.tripadvisor.fr/Profile/I3377MLstevenF,I3377MLstevenF
https://www.tripadvisor.fr/Profile/344didierm,344didierm
https://www.tripadvisor.fr/Profile/dgvincent,dgvincent
https://www.tripadvisor.fr/Profile/fjoly71,fjoly71
https://www.tripadvisor.fr/Profile/Sarah94_148,Sarah94_148
https://www.tripadvisor.fr/Profile/907lilianer,907lilianer
https://www.tripadvisor.fr/Profile/Lorenzo92210,Lorenzo92210
https://www.tripadvisor.fr/Profile/Xavthibaut,Xavthibaut
https://www.tripadvisor.fr/Profile/martedrouot,martedrouot
https://www.tripadvisor.fr/Profile/678fabienr,678fabienr
https://www.tripadvisor.fr/Profile/Iliona04,Iliona04
https://www.tripadvisor.fr/Profile/lolotimat,lolotimat
https://www.tripadvisor.fr/Profile/AntoineFrec,AntoineFrec
https://www.tripadvisor.fr/Profile/Dinette92400,Dinette92400
https://www.tripadvisor.fr/Profile/vanessabB5694YD,vanessabB5694YD
https://www.tripadvisor.fr/Profile/ramsesgordon,ramsesgordon
https://www.tripadvisor.fr/Profile/Vicky1984paris,Vicky1984paris
https://www.tripadvisor.fr/Profile/isadaytona,isadaytona
https://www.tripadvisor.fr/Profile/Melaucoton,Melaucoton
https://www.tripadvisor.fr/Profile/Anne-MarieKINDER,Anne-MarieKINDER
https://www.tripadvisor.fr/Profile/TALA-OVH,TALA-OVH
https://www.tripadvisor.fr/Profile/marraineParis,marraineParis
https://www.tripadvisor.fr/Profile/catherinedrc,catherinedrc
https://www.tripadvisor.fr/Profile/debiabi,debiabi
https://www.tripadvisor.fr/Profile/206agnesd,206agnesd
https://www.tripadvisor.fr/Profile/patmard,patmard
https://www.tripadvisor.fr/Profile/fabiennef868,fabiennef868
https://www.tripadvisor.fr/Profile/jacqueslI5040TB,jacqueslI5040TB
https://www.tripadvisor.fr/Profile/Ang_lique_L196522,Ang_lique_L196522
https://www.tripadvisor.fr/Profile/Barbara7469,Barbara7469
https://www.tripadvisor.fr/Profile/fadam75,fadam75
https://www.tripadvisor.fr/Profile/BenitoDoudou,BenitoDoudou
https://www.tripadvisor.fr/Profile/Helene_922013,Helene_922013
https://www.tripadvisor.fr/Profile/stanmhx,stanmhx
https://www.tripadvisor.fr/Profile/ASD27,ASD27
https://www.tripadvisor.fr/Profile/guijen,guijen
https://www.tripadvisor.fr/Profile/411christophef,411christophef
https://www.tripadvisor.fr/Profile/Kalitou,Kalitou
https://www.tripadvisor.fr/Profile/jbeetle,jbeetle
https://www.tripadvisor.fr/Profile/sophappy54,sophappy54
https://www.tripadvisor.fr/Profile/771audreyd,771audreyd
https://www.tripadvisor.fr/Profile/Stephe_et_Stef,Stephe_et_Stef
https://www.tripadvisor.fr/Profile/gigi040266,gigi040266
https://www.tripadvisor.fr/Profile/T8436PXalicem,T8436PXalicem
https://www.tripadvisor.fr/Profile/jean-serge,jean-serge
https://www.tripadvisor.fr/Profile/N6881LMchristiana,N6881LMchristiana
https://www.tripadvisor.fr/Profile/sandrineg238,sandrineg238
https://www.tripadvisor.fr/Profile/g_rardm76,g_rardm76
https://www.tripadvisor.fr/Profile/florianm359,florianm359
https://www.tripadvisor.fr/Profile/s-melissa76,s-melissa76
https://www.tripadvisor.fr/Profile/nathkim,nathkim
https://www.tripadvisor.fr/Profile/sisunt,sisunt
https://www.tripadvisor.fr/Profile/Juliatraveler91,Juliatraveler91
https://www.tripadvisor.fr/Profile/R4339IDmichele,R4339IDmichele
https://www.tripadvisor.fr/Profile/simjea,simjea
https://www.tripadvisor.fr/Profile/THIERRYCAV,THIERRYCAV
https://www.tripadvisor.fr/Profile/f0ntaine74,f0ntaine74
https://www.tripadvisor.fr/Profile/Henri1969,Henri1969
https://www.tripadvisor.fr/Profile/joannaf595,joannaf595
https://www.tripadvisor.fr/Profile/David_63_76,David_63_76
https://www.tripadvisor.fr/Profile/336sisic,336sisic
https://www.tripadvisor.fr/Profile/J8510STstephanieb,J8510STstephanieb
https://www.tripadvisor.fr/Profile/Davzis,Davzis
https://www.tripadvisor.fr/Profile/P1304CCmathildeb,P1304CCmathildeb
https://www.tripadvisor.fr/Profile/guybF1790OH,guybF1790OH
https://www.tripadvisor.fr/Profile/catherinec105,catherinec105
https://www.tripadvisor.fr/Profile/46Andre2013,46Andre2013
https://www.tripadvisor.fr/Profile/H158HYpatrickm,H158HYpatrickm
https://www.tripadvisor.fr/Profile/v_roniquer155,v_roniquer155
https://www.tripadvisor.fr/Profile/monsieurpizze,monsieurpizze
https://www.tripadvisor.fr/Profile/Artlyd94,Artlyd94
https://www.tripadvisor.fr/Profile/baladeu,baladeu
https://www.tripadvisor.fr/Profile/debo9530,debo9530
https://www.tripadvisor.fr/Profile/tom2185,tom2185
https://www.tripadvisor.fr/Profile/Bidetv,Bidetv
https://www.tripadvisor.fr/Profile/417yvesd,417yvesd
https://www.tripadvisor.fr/Profile/max75LF,max75LF
https://www.tripadvisor.fr/Profile/DidierCALBRY,DidierCALBRY
https://www.tripadvisor.fr/Profile/Magant12,Magant12
https://www.tripadvisor.fr/Profile/Alain1476,Alain1476
https://www.tripadvisor.fr/Profile/Lafilleduseptieme,Lafilleduseptieme
https://www.tripadvisor.fr/Profile/Tabisse,Tabisse
https://www.tripadvisor.fr/Profile/Jennanto,Jennanto
https://www.tripadvisor.fr/Profile/Sssgmcgghfn,Sssgmcgghfn
https://www.tripadvisor.fr/Profile/elodieg10,elodieg10
https://www.tripadvisor.fr/Profile/Agathevdb,Agathevdb
https://www.tripadvisor.fr/Profile/davidbK2188SJ,davidbK2188SJ
https://www.tripadvisor.fr/Profile/chgl95,chgl95
https://www.tripadvisor.fr/Profile/HugoLafe,HugoLafe
https://www.tripadvisor.fr/Profile/didierr27400,didierr27400
https://www.tripadvisor.fr/Profile/538vivianea,538vivianea
https://www.tripadvisor.fr/Profile/Dude23000,Dude23000
https://www.tripadvisor.fr/Profile/lionelv842,lionelv842
https://www.tripadvisor.fr/Profile/446tapp,446tapp
https://www.tripadvisor.fr/Profile/desclaibes,desclaibes
https://www.tripadvisor.fr/Profile/Dadx,Dadx
https://www.tripadvisor.fr/Profile/jonasz55,jonasz55
https://www.tripadvisor.fr/Profile/jeanmO5963BY,jeanmO5963BY
https://www.tripadvisor.fr/Profile/murielr778,murielr778
https://www.tripadvisor.fr/Profile/RickBlaine,RickBlaine
https://www.tripadvisor.fr/Profile/Paul212304,Paul212304
https://www.tripadvisor.fr/Profile/mmolina2019,mmolina2019
https://www.tripadvisor.fr/Profile/B2Nantes,B2Nantes
https://www.tripadvisor.fr/Profile/35laured,35laured
https://www.tripadvisor.fr/Profile/phanystef,phanystef
https://www.tripadvisor.fr/Profile/BHB-PARIS,BHB-PARIS
https://www.tripadvisor.fr/Profile/ppatrick50,ppatrick50
https://www.tripadvisor.fr/Profile/DenisPParis,DenisPParis
https://www.tripadvisor.fr/Profile/826claudet,826claudet
https://www.tripadvisor.fr/Profile/ramazankus,ramazankus
https://www.tripadvisor.fr/Profile/966philippen,966philippen
https://www.tripadvisor.fr/Profile/CRNCKLL,CRNCKLL
https://www.tripadvisor.fr/Profile/AMOLCINA,AMOLCINA
https://www.tripadvisor.fr/Profile/jeanfrancoisg505,jeanfrancoisg505
https://www.tripadvisor.fr/Profile/heleney785,heleney785
https://www.tripadvisor.fr/Profile/sandrinel510,sandrinel510
https://www.tripadvisor.fr/Profile/veroniquep336,veroniquep336
https://www.tripadvisor.fr/Profile/Olivier76550,Olivier76550
https://www.tripadvisor.fr/Profile/234isabellea,234isabellea
https://www.tripadvisor.fr/Profile/dominiqueb269,dominiqueb269
https://www.tripadvisor.fr/Profile/Bourble,Bourble
https://www.tripadvisor.fr/Profile/2achristine2a,2achristine2a
https://www.tripadvisor.fr/Profile/Piment60,Piment60
https://www.tripadvisor.fr/Profile/Crapaud7592,Crapaud7592
https://www.tripadvisor.fr/Profile/maudverger,maudverger
https://www.tripadvisor.fr/Profile/sabc436,sabc436
https://www.tripadvisor.fr/Profile/michelhaumont,michelhaumont
https://www.tripadvisor.fr/Profile/pelba,pelba
https://www.tripadvisor.fr/Profile/marysoleil12,marysoleil12
https://www.tripadvisor.fr/Profile/pf03,pf03
https://www.tripadvisor.fr/Profile/poljean78,poljean78
https://www.tripadvisor.fr/Profile/tzarea,tzarea
https://www.tripadvisor.fr/Profile/coupledunord,coupledunord
https://www.tripadvisor.fr/Profile/520fr_d_riques,520fr_d_riques
https://www.tripadvisor.fr/Profile/810xavc,810xavc
https://www.tripadvisor.fr/Profile/321sandyr,321sandyr
https://www.tripadvisor.fr/Profile/Tarbisstud,Tarbisstud
https://www.tripadvisor.fr/Profile/Scenic27840098243,Scenic27840098243
https://www.tripadvisor.fr/Profile/73gabriellep,73gabriellep
https://www.tripadvisor.fr/Profile/solal76,solal76
https://www.tripadvisor.fr/Profile/845franckl,845franckl
https://www.tripadvisor.fr/Profile/mimifromparis,mimifromparis
https://www.tripadvisor.fr/Profile/Aggripine,Aggripine
https://www.tripadvisor.fr/Profile/IwA1N,IwA1N
https://www.tripadvisor.fr/Profile/Framboiselb,Framboiselb
https://www.tripadvisor.fr/Profile/125lucyd,125lucyd
https://www.tripadvisor.fr/Profile/390haliman,390haliman
https://www.tripadvisor.fr/Profile/danielsamborski,danielsamborski
https://www.tripadvisor.fr/Profile/ChEtoile,ChEtoile
https://www.tripadvisor.fr/Profile/almatsah,almatsah
https://www.tripadvisor.fr/Profile/raptorsd76,raptorsd76
https://www.tripadvisor.fr/Profile/Kersonissos,Kersonissos
https://www.tripadvisor.fr/Profile/marie872,marie872
https://www.tripadvisor.fr/Profile/Brun059770,Brun059770
https://www.tripadvisor.fr/Profile/624val_riem,624val_riem
https://www.tripadvisor.fr/Profile/duboissea,duboissea
https://www.tripadvisor.fr/Profile/st_phanem46,st_phanem46
https://www.tripadvisor.fr/Profile/Dranel,Dranel
https://www.tripadvisor.fr/Profile/Isabelle5457,Isabelle5457
https://www.tripadvisor.fr/Profile/valeriecI1013UD,valeriecI1013UD
https://www.tripadvisor.fr/Profile/odilec37,odilec37
https://www.tripadvisor.fr/Profile/meliissb,meliissb
https://www.tripadvisor.fr/Profile/cocottealu,cocottealu
https://www.tripadvisor.fr/Profile/Ash92000,Ash92000
https://www.tripadvisor.fr/Profile/Miabi14,Miabi14
https://www.tripadvisor.fr/Profile/RemiOlivier78,RemiOlivier78
https://www.tripadvisor.fr/Profile/dunild,dunild
https://www.tripadvisor.fr/Profile/jacquotforest,jacquotforest
https://www.tripadvisor.fr/Profile/Barbaralne,Barbaralne
https://www.tripadvisor.fr/Profile/aureganc,aureganc
https://www.tripadvisor.fr/Profile/bllablabla,bllablabla
https://www.tripadvisor.fr/Profile/VeroT76,VeroT76
https://www.tripadvisor.fr/Profile/nicolasdX4087UB,nicolasdX4087UB
https://www.tripadvisor.fr/Profile/Loopiing78,Loopiing78
https://www.tripadvisor.fr/Profile/nini58,nini58
https://www.tripadvisor.fr/Profile/popo1212,popo1212
https://www.tripadvisor.fr/Profile/rimbaud54,rimbaud54
https://www.tripadvisor.fr/Profile/nathalief633,nathalief633
https://www.tripadvisor.fr/Profile/Captainhub,Captainhub
https://www.tripadvisor.fr/Profile/CasinoCapvert,CasinoCapvert
https://www.tripadvisor.fr/Profile/EMMANUELLEB846,EMMANUELLEB846
https://www.tripadvisor.fr/Profile/B6730KApatrickd,B6730KApatrickd
https://www.tripadvisor.fr/Profile/ciledelf,ciledelf
https://www.tripadvisor.fr/Profile/143daniellef,143daniellef
https://www.tripadvisor.fr/Profile/thierrypbiyoghe,thierrypbiyoghe
https://www.tripadvisor.fr/Profile/difficilemaisjuste,difficilemaisjuste
https://www.tripadvisor.fr/Profile/769paulinet,769paulinet
https://www.tripadvisor.fr/Profile/Poli_Glotte,Poli_Glotte
https://www.tripadvisor.fr/Profile/ValM822,ValM822
https://www.tripadvisor.fr/Profile/VincentS293,VincentS293
https://www.tripadvisor.fr/Profile/c_dricd823,c_dricd823
https://www.tripadvisor.fr/Profile/alliga83,alliga83
https://www.tripadvisor.fr/Profile/726francish,726francish
https://www.tripadvisor.fr/Profile/maillekeule,maillekeule
https://www.tripadvisor.fr/Profile/cortoj,cortoj
https://www.tripadvisor.fr/Profile/CharlotteH1988,CharlotteH1988
https://www.tripadvisor.fr/Profile/NO69005,NO69005
https://www.tripadvisor.fr/Profile/ChristopheS1466,ChristopheS1466
https://www.tripadvisor.fr/Profile/Audrey2304,Audrey2304
https://www.tripadvisor.fr/Profile/ludovic941,ludovic941
https://www.tripadvisor.fr/Profile/gr_gorieg,gr_gorieg
https://www.tripadvisor.fr/Profile/lilou17102017,lilou17102017
https://www.tripadvisor.fr/Profile/Lucdu95,Lucdu95
https://www.tripadvisor.fr/Profile/suziwan,suziwan
https://www.tripadvisor.fr/Profile/kevaume,kevaume
https://www.tripadvisor.fr/Profile/catherinejerome,catherinejerome
https://www.tripadvisor.fr/Profile/D1765SYdominiqued,D1765SYdominiqued
https://www.tripadvisor.fr/Profile/AlfLLN,AlfLLN
https://www.tripadvisor.fr/Profile/valeriesU2129YJ,valeriesU2129YJ
https://www.tripadvisor.fr/Profile/bbp_12,bbp_12
https://www.tripadvisor.fr/Profile/cedrixletouche,cedrixletouche
https://www.tripadvisor.fr/Profile/anissao974,anissao974
https://www.tripadvisor.fr/Profile/limithi,limithi
https://www.tripadvisor.fr/Profile/pic092,pic092
https://www.tripadvisor.fr/Profile/LAC74,LAC74
https://www.tripadvisor.fr/Profile/boulbay,boulbay
https://www.tripadvisor.fr/Profile/caroleg732,caroleg732
https://www.tripadvisor.fr/Profile/fabricez_12,fabricez_12
https://www.tripadvisor.fr/Profile/ALVARD32,ALVARD32
https://www.tripadvisor.fr/Profile/sabayapubs,sabayapubs
https://www.tripadvisor.fr/Profile/Passport799412,Passport799412
https://www.tripadvisor.fr/Profile/barbarameneno,barbarameneno
https://www.tripadvisor.fr/Profile/annlimerez,annlimerez
https://www.tripadvisor.fr/Profile/mira1505,mira1505
https://www.tripadvisor.fr/Profile/835marieanneb,835marieanneb
https://www.tripadvisor.fr/Profile/Tripopotte,Tripopotte
https://www.tripadvisor.fr/Profile/bouhestrep,bouhestrep
https://www.tripadvisor.fr/Profile/jefdante,jefdante
https://www.tripadvisor.fr/Profile/Bambou17,Bambou17
https://www.tripadvisor.fr/Profile/pascamel,pascamel
https://www.tripadvisor.fr/Profile/OnHolidayEnVacances,OnHolidayEnVacances
https://www.tripadvisor.fr/Profile/268nanb,268nanb
https://www.tripadvisor.fr/Profile/Catherineaimevoyager,Catherineaimevoyager
https://www.tripadvisor.fr/Profile/yvesb294,yvesb294
https://www.tripadvisor.fr/Profile/coldplay2012,coldplay2012
https://www.tripadvisor.fr/Profile/343christad,343christad
https://www.tripadvisor.fr/Profile/aerodo,aerodo
https://www.tripadvisor.fr/Profile/JulienD2,JulienD2
https://www.tripadvisor.fr/Profile/BigFamily78,BigFamily78
https://www.tripadvisor.fr/Profile/Pablitosaure,Pablitosaure
https://www.tripadvisor.fr/Profile/lorenzo18072018,lorenzo18072018
https://www.tripadvisor.fr/Profile/Stephane44100,Stephane44100
https://www.tripadvisor.fr/Profile/Cymelios,Cymelios
https://www.tripadvisor.fr/Profile/Aristote-P,Aristote-P
https://www.tripadvisor.fr/Profile/625claudea,625claudea
https://www.tripadvisor.fr/Profile/willy95100,willy95100
https://www.tripadvisor.fr/Profile/dorothy0367,dorothy0367
https://www.tripadvisor.fr/Profile/Lisa_Fst,Lisa_Fst
https://www.tripadvisor.fr/Profile/VANTONUC,VANTONUC
https://www.tripadvisor.fr/Profile/Doriaane08,Doriaane08
https://www.tripadvisor.fr/Profile/gaillardp2014,gaillardp2014
https://www.tripadvisor.fr/Profile/christian_fournet,christian_fournet
https://www.tripadvisor.fr/Profile/Javaudin,Javaudin
https://www.tripadvisor.fr/Profile/nellouille22,nellouille22
https://www.tripadvisor.fr/Profile/649g_rardg,649g_rardg
https://www.tripadvisor.fr/Profile/texirele,texirele
https://www.tripadvisor.fr/Profile/guillaumecT9910HZ,guillaumecT9910HZ
https://www.tripadvisor.fr/Profile/JohnCR78,JohnCR78
https://www.tripadvisor.fr/Profile/500patrickf,500patrickf
https://www.tripadvisor.fr/Profile/A6618FZnicolass,A6618FZnicolass
https://www.tripadvisor.fr/Profile/Frankyss,Frankyss
https://www.tripadvisor.fr/Profile/stephaniecI9131DN,stephaniecI9131DN
https://www.tripadvisor.fr/Profile/875JOHNL875,875JOHNL875
https://www.tripadvisor.fr/Profile/melissadG5423ES,melissadG5423ES
https://www.tripadvisor.fr/Profile/WTFrance,WTFrance
https://www.tripadvisor.fr/Profile/soju54,soju54
https://www.tripadvisor.fr/Profile/ArnoR92,ArnoR92
https://www.tripadvisor.fr/Profile/luciryna,luciryna
https://www.tripadvisor.fr/Profile/922mimic,922mimic
https://www.tripadvisor.fr/Profile/eme59,eme59
https://www.tripadvisor.fr/Profile/goeffroydevivans,goeffroydevivans
https://www.tripadvisor.fr/Profile/926micka_lg,926micka_lg
https://www.tripadvisor.fr/Profile/LondraLeHavre,LondraLeHavre
https://www.tripadvisor.fr/Profile/mfa58230,mfa58230
https://www.tripadvisor.fr/Profile/74sophiep,74sophiep
https://www.tripadvisor.fr/Profile/LEIRIA,LEIRIA
https://www.tripadvisor.fr/Profile/Yannick_from77,Yannick_from77
https://www.tripadvisor.fr/Profile/A608FIkeving,A608FIkeving
https://www.tripadvisor.fr/Profile/223aur_liev,223aur_liev
https://www.tripadvisor.fr/Profile/Fr_d_rique_M_13,Fr_d_rique_M_13
https://www.tripadvisor.fr/Profile/mkgfs,mkgfs
https://www.tripadvisor.fr/Profile/954kariner,954kariner
https://www.tripadvisor.fr/Profile/PascalD770,PascalD770
https://www.tripadvisor.fr/Profile/Coralie1706,Coralie1706
https://www.tripadvisor.fr/Profile/emiliecG5548ZY,emiliecG5548ZY
https://www.tripadvisor.fr/Profile/michelsZ5370UP,michelsZ5370UP
https://www.tripadvisor.fr/Profile/elisel292,elisel292
https://www.tripadvisor.fr/Profile/183patriciah,183patriciah
https://www.tripadvisor.fr/Profile/FrederickV483,FrederickV483
https://www.tripadvisor.fr/Profile/rge64,rge64
https://www.tripadvisor.fr/Profile/denisdandurandparis,denisdandurandparis
https://www.tripadvisor.fr/Profile/annefx,annefx
https://www.tripadvisor.fr/Profile/leni862016,leni862016
https://www.tripadvisor.fr/Profile/TimyTomy75012,TimyTomy75012
https://www.tripadvisor.fr/Profile/Vero951,Vero951
https://www.tripadvisor.fr/Profile/PhilippeS525,PhilippeS525
https://www.tripadvisor.fr/Profile/marA1893TP,marA1893TP
https://www.tripadvisor.fr/Profile/marie_christineM331,marie_christineM331
https://www.tripadvisor.fr/Profile/ariane1978,ariane1978
https://www.tripadvisor.fr/Profile/marineyvan,marineyvan
https://www.tripadvisor.fr/Profile/evaaE997MH,evaaE997MH
https://www.tripadvisor.fr/Profile/JunHaTnz,JunHaTnz
https://www.tripadvisor.fr/Profile/marieh_l_nek2014,marieh_l_nek2014
https://www.tripadvisor.fr/Profile/Alice4289,Alice4289
https://www.tripadvisor.fr/Profile/O654YMdavidv,O654YMdavidv
https://www.tripadvisor.fr/Profile/famille8,famille8
https://www.tripadvisor.fr/Profile/Fredkalisson,Fredkalisson
https://www.tripadvisor.fr/Profile/christineleroy76,christineleroy76
https://www.tripadvisor.fr/Profile/Alfredo750,Alfredo750
https://www.tripadvisor.fr/Profile/EandJ77,EandJ77
https://www.tripadvisor.fr/Profile/355fabriceg,355fabriceg
https://www.tripadvisor.fr/Profile/29el_ad,29el_ad
https://www.tripadvisor.fr/Profile/MHPLDP,MHPLDP
https://www.tripadvisor.fr/Profile/Tiitou4,Tiitou4
https://www.tripadvisor.fr/Profile/Matthieu76890,Matthieu76890
https://www.tripadvisor.fr/Profile/H-Ludovic,H-Ludovic
https://www.tripadvisor.fr/Profile/Natou_Coco94,Natou_Coco94
https://www.tripadvisor.fr/Profile/Missworld05,Missworld05
https://www.tripadvisor.fr/Profile/CasaRebelde,CasaRebelde
https://www.tripadvisor.fr/Profile/ehl59,ehl59
https://www.tripadvisor.fr/Profile/L5709FIxavierp,L5709FIxavierp
https://www.tripadvisor.fr/Profile/cebenn77,cebenn77
https://www.tripadvisor.fr/Profile/duchris,duchris
https://www.tripadvisor.fr/Profile/valouintheworld,valouintheworld
https://www.tripadvisor.fr/Profile/77PMF,77PMF
https://www.tripadvisor.fr/Profile/pascal_bombart,pascal_bombart
https://www.tripadvisor.fr/Profile/nanaisblabla,nanaisblabla
https://www.tripadvisor.fr/Profile/Nini507,Nini507
https://www.tripadvisor.fr/Profile/381choco,381choco
https://www.tripadvisor.fr/Profile/pepino09,pepino09
https://www.tripadvisor.fr/Profile/acm2709,acm2709
https://www.tripadvisor.fr/Profile/775martineb,775martineb
https://www.tripadvisor.fr/Profile/Jojo7375,Jojo7375
https://www.tripadvisor.fr/Profile/Fannydauth,Fannydauth
https://www.tripadvisor.fr/Profile/ofevi,ofevi
https://www.tripadvisor.fr/Profile/doms250,doms250
https://www.tripadvisor.fr/Profile/carineo218,carineo218
https://www.tripadvisor.fr/Profile/NadMon13,NadMon13
https://www.tripadvisor.fr/Profile/yanickl,yanickl
https://www.tripadvisor.fr/Profile/Philou92100,Philou92100
https://www.tripadvisor.fr/Profile/vaness35550,vaness35550
https://www.tripadvisor.fr/Profile/lolap506,lolap506
https://www.tripadvisor.fr/Profile/theresef156,theresef156
https://www.tripadvisor.fr/Profile/Shishoo,Shishoo
https://www.tripadvisor.fr/Profile/HappyAmy2010,HappyAmy2010
https://www.tripadvisor.fr/Profile/justinevanisselmuden,justinevanisselmuden
https://www.tripadvisor.fr/Profile/stephaniemU7827DD,stephaniemU7827DD
https://www.tripadvisor.fr/Profile/rollsroycebentley,rollsroycebentley
https://www.tripadvisor.fr/Profile/AgMa91,AgMa91
https://www.tripadvisor.fr/Profile/hducmai,hducmai
https://www.tripadvisor.fr/Profile/118PatriceN,118PatriceN
https://www.tripadvisor.fr/Profile/Zoe643340,Zoe643340
https://www.tripadvisor.fr/Profile/303emilienr,303emilienr
https://www.tripadvisor.fr/Profile/Exploration747730,Exploration747730
https://www.tripadvisor.fr/Profile/millorym,millorym
https://www.tripadvisor.fr/Profile/NoelleA46,NoelleA46
https://www.tripadvisor.fr/Profile/rosealicer,rosealicer
https://www.tripadvisor.fr/Profile/MarieLaureL21,MarieLaureL21
https://www.tripadvisor.fr/Profile/jocelynd273,jocelynd273
https://www.tripadvisor.fr/Profile/flooudot,flooudot
https://www.tripadvisor.fr/Profile/jeanpierrem318,jeanpierrem318
https://www.tripadvisor.fr/Profile/667jmx,667jmx
https://www.tripadvisor.fr/Profile/Mnn_hrr,Mnn_hrr
https://www.tripadvisor.fr/Profile/Annelaure_Richard,Annelaure_Richard
https://www.tripadvisor.fr/Profile/Ide94,Ide94
https://www.tripadvisor.fr/Profile/christoune2017,christoune2017
https://www.tripadvisor.fr/Profile/942patrizia,942patrizia
https://www.tripadvisor.fr/Profile/leelood2013,leelood2013
https://www.tripadvisor.fr/Profile/vidalgh,vidalgh
https://www.tripadvisor.fr/Profile/sebgm224,sebgm224
https://www.tripadvisor.fr/Profile/remisalgueiro,remisalgueiro
https://www.tripadvisor.fr/Profile/evazoo,evazoo
https://www.tripadvisor.fr/Profile/STEFMALT,STEFMALT
https://www.tripadvisor.fr/Profile/Maujean1971,Maujean1971
https://www.tripadvisor.fr/Profile/Cacatoes75003,Cacatoes75003
https://www.tripadvisor.fr/Profile/sylvieb382,sylvieb382
https://www.tripadvisor.fr/Profile/misskao4,misskao4
https://www.tripadvisor.fr/Profile/471jeanmichelc,471jeanmichelc
https://www.tripadvisor.fr/Profile/Y3965TDchris,Y3965TDchris
https://www.tripadvisor.fr/Profile/sparooojack,sparooojack
https://www.tripadvisor.fr/Profile/sandmanon76,sandmanon76
https://www.tripadvisor.fr/Profile/A6471OApaulr,A6471OApaulr
https://www.tripadvisor.fr/Profile/368danielr,368danielr
https://www.tripadvisor.fr/Profile/pascaleg751,pascaleg751
https://www.tripadvisor.fr/Profile/thc222,thc222
https://www.tripadvisor.fr/Profile/audreyamiens,audreyamiens
https://www.tripadvisor.fr/Profile/121yvesq,121yvesq
https://www.tripadvisor.fr/Profile/fran_oisc950,fran_oisc950
https://www.tripadvisor.fr/Profile/virginielambeaux,virginielambeaux
https://www.tripadvisor.fr/Profile/juliane63,juliane63
https://www.tripadvisor.fr/Profile/578yannickj,578yannickj
https://www.tripadvisor.fr/Profile/DF92200,DF92200
https://www.tripadvisor.fr/Profile/patrick_wwtravel,patrick_wwtravel
https://www.tripadvisor.fr/Profile/738natachal,738natachal
https://www.tripadvisor.fr/Profile/FabienL1131,FabienL1131
https://www.tripadvisor.fr/Profile/Bernardsal,Bernardsal
https://www.tripadvisor.fr/Profile/786annesophieg,786annesophieg
https://www.tripadvisor.fr/Profile/LudivineS25,LudivineS25
https://www.tripadvisor.fr/Profile/emmanuelh19,emmanuelh19
https://www.tripadvisor.fr/Profile/princessemag78,princessemag78
https://www.tripadvisor.fr/Profile/antoinebM5106TG,antoinebM5106TG
https://www.tripadvisor.fr/Profile/717jmt,717jmt
https://www.tripadvisor.fr/Profile/101fabienh,101fabienh
https://www.tripadvisor.fr/Profile/173marieliner,173marieliner
https://www.tripadvisor.fr/Profile/lshiva14l,lshiva14l
https://www.tripadvisor.fr/Profile/Jen-Karim78,Jen-Karim78
https://www.tripadvisor.fr/Profile/502luciens,502luciens
https://www.tripadvisor.fr/Profile/muriel3078,muriel3078
https://www.tripadvisor.fr/Profile/md-mell,md-mell
https://www.tripadvisor.fr/Profile/Fifidudu,Fifidudu
https://www.tripadvisor.fr/Profile/424emiram,424emiram
https://www.tripadvisor.fr/Profile/pierrelK6273SD,pierrelK6273SD
https://www.tripadvisor.fr/Profile/370karinem,370karinem
https://www.tripadvisor.fr/Profile/Ludilmx,Ludilmx
https://www.tripadvisor.fr/Profile/lagrangem,lagrangem
https://www.tripadvisor.fr/Profile/glippae,glippae
https://www.tripadvisor.fr/Profile/Sylvie_D7242,Sylvie_D7242
https://www.tripadvisor.fr/Profile/pascalsL1537NE,pascalsL1537NE
https://www.tripadvisor.fr/Profile/124Isa,124Isa
https://www.tripadvisor.fr/Profile/Phil28000,Phil28000
https://www.tripadvisor.fr/Profile/Bfouchet,Bfouchet
https://www.tripadvisor.fr/Profile/lbaudrier,lbaudrier
https://www.tripadvisor.fr/Profile/Missblabla83,Missblabla83
https://www.tripadvisor.fr/Profile/paradis54,paradis54
https://www.tripadvisor.fr/Profile/NdP69,NdP69
https://www.tripadvisor.fr/Profile/vavatibi2,vavatibi2
https://www.tripadvisor.fr/Profile/cerise075,cerise075
https://www.tripadvisor.fr/Profile/aurelie267,aurelie267
https://www.tripadvisor.fr/Profile/944helenep,944helenep
https://www.tripadvisor.fr/Profile/dejavu13,dejavu13
https://www.tripadvisor.fr/Profile/gutenberg33,gutenberg33
https://www.tripadvisor.fr/Profile/h_l_nel936,h_l_nel936
https://www.tripadvisor.fr/Profile/koko92500,koko92500
https://www.tripadvisor.fr/Profile/541etienned,541etienned
https://www.tripadvisor.fr/Profile/LeSphynx,LeSphynx
https://www.tripadvisor.fr/Profile/Liseyvelines,Liseyvelines
https://www.tripadvisor.fr/Profile/sybarite_fr,sybarite_fr
https://www.tripadvisor.fr/Profile/Ladyphp,Ladyphp
https://www.tripadvisor.fr/Profile/emmanuelroussel,emmanuelroussel
https://www.tripadvisor.fr/Profile/ricobello2,ricobello2
https://www.tripadvisor.fr/Profile/isagaulle,isagaulle
https://www.tripadvisor.fr/Profile/ZOUPG,ZOUPG
https://www.tripadvisor.fr/Profile/daisyyy14,daisyyy14
https://www.tripadvisor.fr/Profile/AMalheu,AMalheu
https://www.tripadvisor.fr/Profile/yvesb572,yvesb572
https://www.tripadvisor.fr/Profile/169DavidN,169DavidN
https://www.tripadvisor.fr/Profile/felicie-et-co,felicie-et-co
https://www.tripadvisor.fr/Profile/julienvernier,julienvernier
https://www.tripadvisor.fr/Profile/olivierseK,olivierseK
https://www.tripadvisor.fr/Profile/fafa99,fafa99
https://www.tripadvisor.fr/Profile/gigiquattro,gigiquattro
https://www.tripadvisor.fr/Profile/PMBenji,PMBenji
https://www.tripadvisor.fr/Profile/Maclow,Maclow
https://www.tripadvisor.fr/Profile/matandco94,matandco94
https://www.tripadvisor.fr/Profile/authenticplaces,authenticplaces
https://www.tripadvisor.fr/Profile/giuliam469,giuliam469
https://www.tripadvisor.fr/Profile/Rosebud1983,Rosebud1983
https://www.tripadvisor.fr/Profile/Thierry556,Thierry556
https://www.tripadvisor.fr/Profile/remykada,remykada
https://www.tripadvisor.fr/Profile/michael75000,michael75000
https://www.tripadvisor.fr/Profile/Clmt-B,Clmt-B
https://www.tripadvisor.fr/Profile/511sebastienh,511sebastienh
https://www.tripadvisor.fr/Profile/BERCLOUD,BERCLOUD
https://www.tripadvisor.fr/Profile/fran_oisg31,fran_oisg31
https://www.tripadvisor.fr/Profile/eurasia974,eurasia974
https://www.tripadvisor.fr/Profile/Delvaldom,Delvaldom
https://www.tripadvisor.fr/Profile/JeToO,JeToO
https://www.tripadvisor.fr/Profile/236od_liaa,236od_liaa
https://www.tripadvisor.fr/Profile/Alicar25,Alicar25
https://www.tripadvisor.fr/Profile/467michelp,467michelp
https://www.tripadvisor.fr/Profile/catyetfabrice,catyetfabrice
https://www.tripadvisor.fr/Profile/morten1986,morten1986
https://www.tripadvisor.fr/Profile/pokekawaii9,pokekawaii9
https://www.tripadvisor.fr/Profile/cathytregunc,cathytregunc
https://www.tripadvisor.fr/Profile/valeriegM4196JB,valeriegM4196JB
https://www.tripadvisor.fr/Profile/Aurelisa77,Aurelisa77
https://www.tripadvisor.fr/Profile/zoulikhal,zoulikhal
https://www.tripadvisor.fr/Profile/guil62750,guil62750
https://www.tripadvisor.fr/Profile/AnaeleMD,AnaeleMD
https://www.tripadvisor.fr/Profile/amel0884,amel0884
https://www.tripadvisor.fr/Profile/AmauryBobo,AmauryBobo
https://www.tripadvisor.fr/Profile/618peggyp,618peggyp
https://www.tripadvisor.fr/Profile/AurelieLea,AurelieLea
https://www.tripadvisor.fr/Profile/leptitmichelet,leptitmichelet
https://www.tripadvisor.fr/Profile/kentuki,kentuki
https://www.tripadvisor.fr/Profile/nyna1303,nyna1303
https://www.tripadvisor.fr/Profile/443JeanP,443JeanP
https://www.tripadvisor.fr/Profile/Selyne1,Selyne1
https://www.tripadvisor.fr/Profile/confet72,confet72
https://www.tripadvisor.fr/Profile/0z-2014,0z-2014
https://www.tripadvisor.fr/Profile/stephanepasquier18,stephanepasquier18
https://www.tripadvisor.fr/Profile/philippec551,philippec551
https://www.tripadvisor.fr/Profile/marcel_amsel,marcel_amsel
https://www.tripadvisor.fr/Profile/martinepeypouquet,martinepeypouquet
https://www.tripadvisor.fr/Profile/Pepinieriste94,Pepinieriste94
https://www.tripadvisor.fr/Profile/sandycatasta,sandycatasta
https://www.tripadvisor.fr/Profile/LaChatteMasquee,LaChatteMasquee
https://www.tripadvisor.fr/Profile/emmanuellel680,emmanuellel680
https://www.tripadvisor.fr/Profile/918fannyb,918fannyb
https://www.tripadvisor.fr/Profile/AnneHauzer,AnneHauzer
https://www.tripadvisor.fr/Profile/bmbg2017,bmbg2017
https://www.tripadvisor.fr/Profile/Noisette363,Noisette363
https://www.tripadvisor.fr/Profile/isabelleduv,isabelleduv
https://www.tripadvisor.fr/Profile/lisandro2,lisandro2
https://www.tripadvisor.fr/Profile/etudeval,etudeval
https://www.tripadvisor.fr/Profile/ebe38,ebe38
https://www.tripadvisor.fr/Profile/DAISYMIC,DAISYMIC
https://www.tripadvisor.fr/Profile/olivierfefferl,olivierfefferl
https://www.tripadvisor.fr/Profile/mariegabriellemotte,mariegabriellemotte
https://www.tripadvisor.fr/Profile/denis161054,denis161054
https://www.tripadvisor.fr/Profile/fredlesieux,fredlesieux
https://www.tripadvisor.fr/Profile/503laurencel,503laurencel
https://www.tripadvisor.fr/Profile/Lituolidae,Lituolidae
https://www.tripadvisor.fr/Profile/gelbe,gelbe
https://www.tripadvisor.fr/Profile/FLORENCEC355,FLORENCEC355
https://www.tripadvisor.fr/Profile/ThibT_12,ThibT_12
https://www.tripadvisor.fr/Profile/blanc49,blanc49
https://www.tripadvisor.fr/Profile/ChantalM935,ChantalM935
https://www.tripadvisor.fr/Profile/psimaa,psimaa
https://www.tripadvisor.fr/Profile/chti2,chti2
https://www.tripadvisor.fr/Profile/jeanrochl2017,jeanrochl2017
https://www.tripadvisor.fr/Profile/asoaubrymaia,asoaubrymaia
https://www.tripadvisor.fr/Profile/Elimady,Elimady
https://www.tripadvisor.fr/Profile/KaiserMp,KaiserMp
https://www.tripadvisor.fr/Profile/elevaged2017,elevaged2017
https://www.tripadvisor.fr/Profile/l0ches37,l0ches37
https://www.tripadvisor.fr/Profile/S3702AVarthurm,S3702AVarthurm
https://www.tripadvisor.fr/Profile/Rph33,Rph33
https://www.tripadvisor.fr/Profile/travelbysergio,travelbysergio
https://www.tripadvisor.fr/Profile/doudou_creole,doudou_creole
https://www.tripadvisor.fr/Profile/jeromec270,jeromec270
https://www.tripadvisor.fr/Profile/olivierr254,olivierr254
https://www.tripadvisor.fr/Profile/lindalcp,lindalcp
https://www.tripadvisor.fr/Profile/VeroniquePol,VeroniquePol
https://www.tripadvisor.fr/Profile/FlamdeParis,FlamdeParis
https://www.tripadvisor.fr/Profile/RlfDinky,RlfDinky
https://www.tripadvisor.fr/Profile/Lameilleuretable,Lameilleuretable
https://www.tripadvisor.fr/Profile/Brouette02,Brouette02
https://www.tripadvisor.fr/Profile/gwenaelle_bonnardin,gwenaelle_bonnardin
https://www.tripadvisor.fr/Profile/58bea,58bea
https://www.tripadvisor.fr/Profile/Macorel,Macorel
https://www.tripadvisor.fr/Profile/CharlotteL828,CharlotteL828
https://www.tripadvisor.fr/Profile/476dominiquem,476dominiquem
https://www.tripadvisor.fr/Profile/ange44150,ange44150
https://www.tripadvisor.fr/Profile/Jade_BCZ,Jade_BCZ
https://www.tripadvisor.fr/Profile/philippec139,philippec139
https://www.tripadvisor.fr/Profile/Alexandra5962,Alexandra5962
https://www.tripadvisor.fr/Profile/corinnenabet,corinnenabet
https://www.tripadvisor.fr/Profile/fabienm708,fabienm708
https://www.tripadvisor.fr/Profile/fabricerey,fabricerey
https://www.tripadvisor.fr/Profile/olivierp805,olivierp805
https://www.tripadvisor.fr/Profile/643orianeb,643orianeb
https://www.tripadvisor.fr/Profile/102magalid,102magalid
https://www.tripadvisor.fr/Profile/alexcR3936ZE,alexcR3936ZE
https://www.tripadvisor.fr/Profile/Remyprevert,Remyprevert
https://www.tripadvisor.fr/Profile/Nicoden78,Nicoden78
https://www.tripadvisor.fr/Profile/476jeanphilippel,476jeanphilippel
https://www.tripadvisor.fr/Profile/Tribululu,Tribululu
https://www.tripadvisor.fr/Profile/mimi1509,mimi1509
https://www.tripadvisor.fr/Profile/philippel371,philippel371
https://www.tripadvisor.fr/Profile/Madtu,Madtu
https://www.tripadvisor.fr/Profile/CedricL78113,CedricL78113
https://www.tripadvisor.fr/Profile/DamienCaze,DamienCaze
https://www.tripadvisor.fr/Profile/marie13021976,marie13021976
https://www.tripadvisor.fr/Profile/Julien9475,Julien9475
https://www.tripadvisor.fr/Profile/jonathanhiggins,jonathanhiggins
https://www.tripadvisor.fr/Profile/PascalETC,PascalETC
https://www.tripadvisor.fr/Profile/chlomns,chlomns
https://www.tripadvisor.fr/Profile/Jfrancoi,Jfrancoi
https://www.tripadvisor.fr/Profile/Bbey20th,Bbey20th
https://www.tripadvisor.fr/Profile/Oliviernath,Oliviernath
https://www.tripadvisor.fr/Profile/touristic_critic,touristic_critic
https://www.tripadvisor.fr/Profile/Caroparis1,Caroparis1
https://www.tripadvisor.fr/Profile/561laurentv,561laurentv
https://www.tripadvisor.fr/Profile/224nathalies,224nathalies
https://www.tripadvisor.fr/Profile/110sebastiend,110sebastiend
https://www.tripadvisor.fr/Profile/456alexisv,456alexisv
https://www.tripadvisor.fr/Profile/254k_vinl,254k_vinl
https://www.tripadvisor.fr/Profile/scj59,scj59
https://www.tripadvisor.fr/Profile/stephanegdm017516,stephanegdm017516
https://www.tripadvisor.fr/Profile/740DavidD740,740DavidD740
https://www.tripadvisor.fr/Profile/knamu,knamu
https://www.tripadvisor.fr/Profile/LadyGa75,LadyGa75
https://www.tripadvisor.fr/Profile/994julienh,994julienh
https://www.tripadvisor.fr/Profile/721deniced,721deniced
https://www.tripadvisor.fr/Profile/melnico,melnico
https://www.tripadvisor.fr/Profile/philippev720,philippev720
https://www.tripadvisor.fr/Profile/644elj,644elj
https://www.tripadvisor.fr/Profile/Alexandre7878,Alexandre7878
https://www.tripadvisor.fr/Profile/Delisiou,Delisiou
https://www.tripadvisor.fr/Profile/545anastasiap,545anastasiap
https://www.tripadvisor.fr/Profile/linknoe,linknoe
https://www.tripadvisor.fr/Profile/NicolasPerr1,NicolasPerr1
https://www.tripadvisor.fr/Profile/Wiwi28,Wiwi28
https://www.tripadvisor.fr/Profile/CaroLANY,CaroLANY
https://www.tripadvisor.fr/Profile/1966AESD,1966AESD
https://www.tripadvisor.fr/Profile/nanicio,nanicio
https://www.tripadvisor.fr/Profile/Cielmonami,Cielmonami
https://www.tripadvisor.fr/Profile/almmc,almmc
https://www.tripadvisor.fr/Profile/nanou83Gassin,nanou83Gassin
https://www.tripadvisor.fr/Profile/bvrai1,bvrai1
https://www.tripadvisor.fr/Profile/marlinec2016,marlinec2016
https://www.tripadvisor.fr/Profile/lesbreizhoux,lesbreizhoux
https://www.tripadvisor.fr/Profile/fmeresse,fmeresse
https://www.tripadvisor.fr/Profile/TiniMorlin,TiniMorlin
https://www.tripadvisor.fr/Profile/gourmet3417,gourmet3417
https://www.tripadvisor.fr/Profile/Woodchuck-Patate,Woodchuck-Patate
https://www.tripadvisor.fr/Profile/holyvesr,holyvesr
https://www.tripadvisor.fr/Profile/Alexandre2031,Alexandre2031
https://www.tripadvisor.fr/Profile/Alexaparis1,Alexaparis1
https://www.tripadvisor.fr/Profile/sergeLil,sergeLil
https://www.tripadvisor.fr/Profile/fran_oisd53,fran_oisd53
https://www.tripadvisor.fr/Profile/allezva,allezva
https://www.tripadvisor.fr/Profile/473sebastiena,473sebastiena
https://www.tripadvisor.fr/Profile/Philic03,Philic03
https://www.tripadvisor.fr/Profile/jacares,jacares
https://www.tripadvisor.fr/Profile/RichardKG,RichardKG
https://www.tripadvisor.fr/Profile/sylviedesceaux,sylviedesceaux
https://www.tripadvisor.fr/Profile/Stephane75045,Stephane75045
https://www.tripadvisor.fr/Profile/dmaubry,dmaubry
https://www.tripadvisor.fr/Profile/laurentm687,laurentm687
https://www.tripadvisor.fr/Profile/Stephanie-Hardy-Deep,Stephanie-Hardy-Deep
https://www.tripadvisor.fr/Profile/Tolstoi16,Tolstoi16
https://www.tripadvisor.fr/Profile/David94400,David94400
https://www.tripadvisor.fr/Profile/NadiaN512,NadiaN512
https://www.tripadvisor.fr/Profile/JR75015,JR75015
https://www.tripadvisor.fr/Profile/caroleg900,caroleg900
https://www.tripadvisor.fr/Profile/babybandre,babybandre
https://www.tripadvisor.fr/Profile/Katwoman2016,Katwoman2016
https://www.tripadvisor.fr/Profile/LaurentC69,LaurentC69
https://www.tripadvisor.fr/Profile/Karithimu,Karithimu
https://www.tripadvisor.fr/Profile/EstebanL36,EstebanL36
https://www.tripadvisor.fr/Profile/343gillesk,343gillesk
https://www.tripadvisor.fr/Profile/scd2115,scd2115
https://www.tripadvisor.fr/Profile/AstridL59100,AstridL59100
https://www.tripadvisor.fr/Profile/339jcl,339jcl
https://www.tripadvisor.fr/Profile/98chcv,98chcv
https://www.tripadvisor.fr/Profile/ritabParis,ritabParis
https://www.tripadvisor.fr/Profile/Sylga49,Sylga49
https://www.tripadvisor.fr/Profile/Marcw154,Marcw154
https://www.tripadvisor.fr/Profile/lionelp604,lionelp604
https://www.tripadvisor.fr/Profile/AlineR1193,AlineR1193
https://www.tripadvisor.fr/Profile/759remil,759remil
https://www.tripadvisor.fr/Profile/Stephmich_13,Stephmich_13
https://www.tripadvisor.fr/Profile/mariejos_r198,mariejos_r198
https://www.tripadvisor.fr/Profile/andregaillard12,andregaillard12
https://www.tripadvisor.fr/Profile/annielouiseroux,annielouiseroux
https://www.tripadvisor.fr/Profile/165kikic,165kikic
https://www.tripadvisor.fr/Profile/221philippee,221philippee
https://www.tripadvisor.fr/Profile/396fr_d_riqueg,396fr_d_riqueg
https://www.tripadvisor.fr/Profile/801sergec,801sergec
https://www.tripadvisor.fr/Profile/484valerias,484valerias
https://www.tripadvisor.fr/Profile/vdm47,vdm47
https://www.tripadvisor.fr/Profile/Bonjoir,Bonjoir
https://www.tripadvisor.fr/Profile/patricklZ544LI,patricklZ544LI
https://www.tripadvisor.fr/Profile/Gentildoc,Gentildoc
https://www.tripadvisor.fr/Profile/habibi178,habibi178
https://www.tripadvisor.fr/Profile/briaudiere,briaudiere
https://www.tripadvisor.fr/Profile/EatTravelWorld,EatTravelWorld
https://www.tripadvisor.fr/Profile/FRANCOIS160,FRANCOIS160
https://www.tripadvisor.fr/Profile/cedlinck,cedlinck
https://www.tripadvisor.fr/Profile/th051,th051
https://www.tripadvisor.fr/Profile/iabin,iabin
https://www.tripadvisor.fr/Profile/croixnivertvinsrares,croixnivertvinsrares
https://www.tripadvisor.fr/Profile/robertgirardet,robertgirardet
https://www.tripadvisor.fr/Profile/JFTMarseilleParis,JFTMarseilleParis
https://www.tripadvisor.fr/Profile/867patriceg,867patriceg
https://www.tripadvisor.fr/Profile/nathalie1877,nathalie1877
https://www.tripadvisor.fr/Profile/JThiryCesaire,JThiryCesaire
https://www.tripadvisor.fr/Profile/546michelr,546michelr
https://www.tripadvisor.fr/Profile/anquem,anquem
https://www.tripadvisor.fr/Profile/lafargueb,lafargueb
https://www.tripadvisor.fr/Profile/30052016,30052016
https://www.tripadvisor.fr/Profile/Alain490,Alain490
https://www.tripadvisor.fr/Profile/EGVD77,EGVD77
https://www.tripadvisor.fr/Profile/ezadig,ezadig
https://www.tripadvisor.fr/Profile/julienbtd,julienbtd
https://www.tripadvisor.fr/Profile/s_bastient903,s_bastient903
https://www.tripadvisor.fr/Profile/371laurentv,371laurentv
https://www.tripadvisor.fr/Profile/alixn2013,alixn2013
https://www.tripadvisor.fr/Profile/MatCB07,MatCB07
https://www.tripadvisor.fr/Profile/Rubbens007,Rubbens007
https://www.tripadvisor.fr/Profile/trouchealexandre,trouchealexandre
https://www.tripadvisor.fr/Profile/Mrka06,Mrka06
https://www.tripadvisor.fr/Profile/Xavier082016,Xavier082016
https://www.tripadvisor.fr/Profile/378ilina,378ilina
https://www.tripadvisor.fr/Profile/Bernard-Parigi,Bernard-Parigi
https://www.tripadvisor.fr/Profile/JODILEN,JODILEN
https://www.tripadvisor.fr/Profile/302laurentt,302laurentt
https://www.tripadvisor.fr/Profile/moune42,moune42
https://www.tripadvisor.fr/Profile/marierX7772JV,marierX7772JV
https://www.tripadvisor.fr/Profile/Pacharene,Pacharene
https://www.tripadvisor.fr/Profile/PAULICHON,PAULICHON
https://www.tripadvisor.fr/Profile/carom400,carom400
https://www.tripadvisor.fr/Profile/aur_liab,aur_liab
https://www.tripadvisor.fr/Profile/Audreyma,Audreyma
https://www.tripadvisor.fr/Profile/laurentgiselle92,laurentgiselle92
https://www.tripadvisor.fr/Profile/99pascalv,99pascalv
https://www.tripadvisor.fr/Profile/NRB68,NRB68
https://www.tripadvisor.fr/Profile/Stefus86,Stefus86
https://www.tripadvisor.fr/Profile/helenepullo,helenepullo
https://www.tripadvisor.fr/Profile/lola05123,lola05123
https://www.tripadvisor.fr/Profile/NOUZILLY37,NOUZILLY37
https://www.tripadvisor.fr/Profile/G0ntrandC,G0ntrandC
https://www.tripadvisor.fr/Profile/sweetdream35,sweetdream35
https://www.tripadvisor.fr/Profile/jean_lucb_12,jean_lucb_12
https://www.tripadvisor.fr/Profile/Iza539,Iza539
https://www.tripadvisor.fr/Profile/jeromep749,jeromep749
https://www.tripadvisor.fr/Profile/marienvoyage,marienvoyage
https://www.tripadvisor.fr/Profile/vida170,vida170
https://www.tripadvisor.fr/Profile/hruhruBarcelone,hruhruBarcelone
https://www.tripadvisor.fr/Profile/Princesse8411,Princesse8411
https://www.tripadvisor.fr/Profile/Pitpitpit,Pitpitpit
https://www.tripadvisor.fr/Profile/Vianneleg,Vianneleg
https://www.tripadvisor.fr/Profile/nathaliev77,nathaliev77
https://www.tripadvisor.fr/Profile/davidsX1116EO,davidsX1116EO
https://www.tripadvisor.fr/Profile/382ladir,382ladir
https://www.tripadvisor.fr/Profile/92nilb,92nilb
https://www.tripadvisor.fr/Profile/Julian-Chrystel,Julian-Chrystel
https://www.tripadvisor.fr/Profile/andr_danielg,andr_danielg
https://www.tripadvisor.fr/Profile/s_bastienb491,s_bastienb491
https://www.tripadvisor.fr/Profile/isabelle2710,isabelle2710
https://www.tripadvisor.fr/Profile/joeller381,joeller381
https://www.tripadvisor.fr/Profile/841bridgec,841bridgec
https://www.tripadvisor.fr/Profile/E3987YDcarolined,E3987YDcarolined
https://www.tripadvisor.fr/Profile/Armandeodette,Armandeodette
https://www.tripadvisor.fr/Profile/proca,proca
https://www.tripadvisor.fr/Profile/caro188,caro188
https://www.tripadvisor.fr/Profile/Cigaval,Cigaval
https://www.tripadvisor.fr/Profile/Virginieetanthony,Virginieetanthony
https://www.tripadvisor.fr/Profile/Cargo1313,Cargo1313
https://www.tripadvisor.fr/Profile/tahitibop,tahitibop
https://www.tripadvisor.fr/Profile/nounoursette92,nounoursette92
https://www.tripadvisor.fr/Profile/web140,web140
https://www.tripadvisor.fr/Profile/198mickaelb,198mickaelb
https://www.tripadvisor.fr/Profile/gs1375,gs1375
https://www.tripadvisor.fr/Profile/b0uh07,b0uh07
https://www.tripadvisor.fr/Profile/greg_A2812,greg_A2812
https://www.tripadvisor.fr/Profile/PegTomAnt,PegTomAnt
https://www.tripadvisor.fr/Profile/eloo-di7,eloo-di7
https://www.tripadvisor.fr/Profile/866vincentg,866vincentg
https://www.tripadvisor.fr/Profile/Milly2253,Milly2253
https://www.tripadvisor.fr/Profile/arkeode,arkeode
https://www.tripadvisor.fr/Profile/nan0ueh,nan0ueh
https://www.tripadvisor.fr/Profile/global75015,global75015
https://www.tripadvisor.fr/Profile/4Bluxe,4Bluxe
https://www.tripadvisor.fr/Profile/E9724RBbettyb,E9724RBbettyb
https://www.tripadvisor.fr/Profile/krystyneL,krystyneL
https://www.tripadvisor.fr/Profile/valyaem,valyaem
https://www.tripadvisor.fr/Profile/nabulio_i,nabulio_i
https://www.tripadvisor.fr/Profile/michela2391,michela2391
https://www.tripadvisor.fr/Profile/fahizam,fahizam
https://www.tripadvisor.fr/Profile/658joh,658joh
https://www.tripadvisor.fr/Profile/VirginieRz,VirginieRz
https://www.tripadvisor.fr/Profile/MarineVacances,MarineVacances
https://www.tripadvisor.fr/Profile/speedmaster55,speedmaster55
https://www.tripadvisor.fr/Profile/sansan66,sansan66
https://www.tripadvisor.fr/Profile/AnthonyCo85,AnthonyCo85
https://www.tripadvisor.fr/Profile/Morgane2123,Morgane2123
https://www.tripadvisor.fr/Profile/Angmar78,Angmar78
https://www.tripadvisor.fr/Profile/998richiec,998richiec
https://www.tripadvisor.fr/Profile/kevinkletin,kevinkletin
https://www.tripadvisor.fr/Profile/Nassamel,Nassamel
https://www.tripadvisor.fr/Profile/592stefanel,592stefanel
https://www.tripadvisor.fr/Profile/AdrienJ262,AdrienJ262
https://www.tripadvisor.fr/Profile/coliner303,coliner303
https://www.tripadvisor.fr/Profile/youdash,youdash
https://www.tripadvisor.fr/Profile/MarianneM1657,MarianneM1657
https://www.tripadvisor.fr/Profile/laurenceh1093,laurenceh1093
https://www.tripadvisor.fr/Profile/christiand864,christiand864
https://www.tripadvisor.fr/Profile/opale14,opale14
https://www.tripadvisor.fr/Profile/791pierred,791pierred
https://www.tripadvisor.fr/Profile/jeannicolasl993,jeannicolasl993
https://www.tripadvisor.fr/Profile/Iberger2013,Iberger2013
https://www.tripadvisor.fr/Profile/benjaminc897,benjaminc897
https://www.tripadvisor.fr/Profile/verodg77,verodg77
https://www.tripadvisor.fr/Profile/justeprix,justeprix
https://www.tripadvisor.fr/Profile/Cfabb91,Cfabb91
https://www.tripadvisor.fr/Profile/Defiance2014,Defiance2014
https://www.tripadvisor.fr/Profile/marceljo1546640,marceljo1546640
https://www.tripadvisor.fr/Profile/Globe0719,Globe0719
https://www.tripadvisor.fr/Profile/Carole04,Carole04
https://www.tripadvisor.fr/Profile/ameyoko,ameyoko
https://www.tripadvisor.fr/Profile/jeromed644,jeromed644
https://www.tripadvisor.fr/Profile/joyceleo,joyceleo
https://www.tripadvisor.fr/Profile/missirn21,missirn21
https://www.tripadvisor.fr/Profile/Cocodingooooo,Cocodingooooo
https://www.tripadvisor.fr/Profile/ahmedimmo,ahmedimmo
https://www.tripadvisor.fr/Profile/Verivsch,Verivsch
https://www.tripadvisor.fr/Profile/lejpp,lejpp
https://www.tripadvisor.fr/Profile/Jig4,Jig4
https://www.tripadvisor.fr/Profile/Q4587FNsandrap,Q4587FNsandrap
https://www.tripadvisor.fr/Profile/lapetitejuju89,lapetitejuju89
https://www.tripadvisor.fr/Profile/534philipped,534philipped
https://www.tripadvisor.fr/Profile/bvtiflorian,bvtiflorian
https://www.tripadvisor.fr/Profile/chtisuisse69,chtisuisse69
https://www.tripadvisor.fr/Profile/taaa-at,taaa-at
https://www.tripadvisor.fr/Profile/Ninialex,Ninialex
https://www.tripadvisor.fr/Profile/alexlegourmand,alexlegourmand
https://www.tripadvisor.fr/Profile/hakimb162,hakimb162
https://www.tripadvisor.fr/Profile/guillaumel109,guillaumel109
https://www.tripadvisor.fr/Profile/506antoinec,506antoinec
https://www.tripadvisor.fr/Profile/712thierryv,712thierryv
https://www.tripadvisor.fr/Profile/antoinetteleclere,antoinetteleclere
https://www.tripadvisor.fr/Profile/FDJP,FDJP
https://www.tripadvisor.fr/Profile/m_regrandm,m_regrandm
https://www.tripadvisor.fr/Profile/Jellicle9,Jellicle9
https://www.tripadvisor.fr/Profile/jeandV7571OF,jeandV7571OF
https://www.tripadvisor.fr/Profile/Michele6115,Michele6115
https://www.tripadvisor.fr/Profile/zouz261,zouz261
https://www.tripadvisor.fr/Profile/Olivier92800,Olivier92800
https://www.tripadvisor.fr/Profile/michelr757,michelr757
https://www.tripadvisor.fr/Profile/pvarelas,pvarelas
https://www.tripadvisor.fr/Profile/Sixsouss,Sixsouss
https://www.tripadvisor.fr/Profile/olivier57100T,olivier57100T
https://www.tripadvisor.fr/Profile/HubertD646,HubertD646
https://www.tripadvisor.fr/Profile/390annieb,390annieb
https://www.tripadvisor.fr/Profile/Cotepote,Cotepote
https://www.tripadvisor.fr/Profile/MarcVal12,MarcVal12
https://www.tripadvisor.fr/Profile/zutte,zutte
https://www.tripadvisor.fr/Profile/fran_oisep151,fran_oisep151
https://www.tripadvisor.fr/Profile/waterliliett,waterliliett
https://www.tripadvisor.fr/Profile/loic27,loic27
https://www.tripadvisor.fr/Profile/551michelg,551michelg
https://www.tripadvisor.fr/Profile/bbr73,bbr73
https://www.tripadvisor.fr/Profile/novice104,novice104
https://www.tripadvisor.fr/Profile/caro101002,caro101002
https://www.tripadvisor.fr/Profile/seagull39,seagull39
https://www.tripadvisor.fr/Profile/ludmii,ludmii
https://www.tripadvisor.fr/Profile/623sylvainec,623sylvainec
https://www.tripadvisor.fr/Profile/christellem97,christellem97
https://www.tripadvisor.fr/Profile/carteronj,carteronj
https://www.tripadvisor.fr/Profile/1Gustave,1Gustave
https://www.tripadvisor.fr/Profile/veroniquej891,veroniquej891
https://www.tripadvisor.fr/Profile/jeanclaudequintric,jeanclaudequintric
https://www.tripadvisor.fr/Profile/294danp,294danp
https://www.tripadvisor.fr/Profile/VOYAGOPHIL,VOYAGOPHIL
https://www.tripadvisor.fr/Profile/charlesdB3507WK,charlesdB3507WK
https://www.tripadvisor.fr/Profile/677jacquesb,677jacquesb
https://www.tripadvisor.fr/Profile/marcusrouen,marcusrouen
https://www.tripadvisor.fr/Profile/smanff,smanff
https://www.tripadvisor.fr/Profile/Xiaolei87,Xiaolei87
https://www.tripadvisor.fr/Profile/muiduan,muiduan
https://www.tripadvisor.fr/Profile/P6237QPthomasf,P6237QPthomasf
https://www.tripadvisor.fr/Profile/grahammH7893EA,grahammH7893EA
https://www.tripadvisor.fr/Profile/Harry1309,Harry1309
https://www.tripadvisor.fr/Profile/horsedeal,horsedeal
https://www.tripadvisor.fr/Profile/BENPRN92,BENPRN92
https://www.tripadvisor.fr/Profile/fraserview702,fraserview702
https://www.tripadvisor.fr/Profile/thomasdK178GZ,thomasdK178GZ
https://www.tripadvisor.fr/Profile/451lubnaa,451lubnaa
https://www.tripadvisor.fr/Profile/Cldbstr,Cldbstr
https://www.tripadvisor.fr/Profile/noushas,noushas
https://www.tripadvisor.fr/Profile/nbernheim,nbernheim
https://www.tripadvisor.fr/Profile/Freelance60,Freelance60
https://www.tripadvisor.fr/Profile/GadSalomon,GadSalomon
https://www.tripadvisor.fr/Profile/AlfieD15,AlfieD15
https://www.tripadvisor.fr/Profile/nisrinee2013,nisrinee2013
